Area,Average Price,Projected Growth
Building,22000000.0,9.8
Villa,1850000.0,12.5
Land,3700000.0,8.5
Villa,1950000.0,12.5
Villa,9200000.0,12.5
Land,7275000.0,8.5
Villa,10900000.0,12.5
Land,6120240.0,8.5
Villa,4750000.0,12.5
Villa,4600000.0,12.5
Villa,4950000.0,12.5
Building,5925230.0,9.8
Building,13000000.0,9.8
Villa,3250000.0,12.5
Villa,1900000.0,12.5
Villa,1500000.0,12.5
Villa,2200000.0,12.5
Villa,3650000.0,12.5
Villa,7000000.0,12.5
Villa,4000000.0,12.5
Villa,3135000.0,12.5
Villa,4379486.0,12.5
Villa,3950000.0,12.5
Villa,5100000.0,12.5
Land,1249506.0,8.5
Villa,3040000.0,12.5
Villa,2000000.0,12.5
Villa,4125000.0,12.5
Villa,1800000.0,12.5
Villa,3500000.0,12.5
Villa,3000000.0,12.5
Land,1440000.0,8.5
Villa,4800000.0,12.5
Villa,2250000.0,12.5
Villa,2900000.0,12.5
Villa,3550000.0,12.5
Villa,3000000.0,12.5
Villa,1100000.0,12.5
Villa,14000000.0,12.5
Villa,1350000.0,12.5
Land,1200000.0,8.5
Villa,750000.0,12.5
Land,6241856.0,8.5
Land,810000.0,8.5
Land,7500000.0,8.5
Land,4250000.0,8.5
Land,3267643.0,8.5
Land,2608000.0,8.5
Land,1727376.0,8.5
Villa,1780000.0,12.5
Villa,2475000.0,12.5
Land,261200.0,8.5
Villa,1900000.0,12.5
Villa,2475000.0,12.5
Villa,1525000.0,12.5
Villa,2750000.0,12.5
Villa,2950000.0,12.5
Villa,1600000.0,12.5
Villa,1650000.0,12.5
Villa,2070000.0,12.5
Villa,2150000.0,12.5
Villa,2200000.0,12.5
Villa,7000000.0,12.5
Villa,1700000.0,12.5
Villa,1800000.0,12.5
Villa,1600000.0,12.5
Villa,3750000.0,12.5
Villa,2075000.0,12.5
Villa,3270000.0,12.5
Villa,1800000.0,12.5
Villa,1480000.0,12.5
Villa,4044499.0,12.5
Villa,2100000.0,12.5
Villa,2600000.0,12.5
Unit,1450000.0,10.2
Unit,1200000.0,10.2
Unit,480000.0,10.2
Unit,1450000.0,10.2
Unit,1440000.0,10.2
Unit,599000.0,10.2
Unit,2900000.0,10.2
Unit,11400000.0,10.2
Unit,1807312.0,10.2
Unit,900000.0,10.2
Unit,5100000.0,10.2
Unit,205000.0,10.2
Unit,380000.0,10.2
Unit,1640000.0,10.2
Unit,280000.0,10.2
Unit,2000000.0,10.2
Unit,415000.0,10.2
Unit,275000.0,10.2
Unit,6000000.0,10.2
Unit,1930000.0,10.2
Unit,1850000.0,10.2
Unit,1950000.0,10.2
Unit,395000.0,10.2
Unit,2600000.0,10.2
Unit,370000.0,10.2
Unit,2950000.0,10.2
Unit,2375000.0,10.2
Unit,1250000.0,10.2
Unit,460000.0,10.2
Unit,1500000.0,10.2
Unit,1800000.0,10.2
Unit,1200000.0,10.2
Unit,2900000.0,10.2
Unit,2550000.0,10.2
Unit,1605000.0,10.2
Unit,212000.0,10.2
Unit,320000.0,10.2
Unit,490000.0,10.2
Unit,1225000.0,10.2
Unit,3900000.0,10.2
Unit,1800000.0,10.2
Unit,2665000.0,10.2
Unit,1325000.0,10.2
Unit,860000.0,10.2
Unit,775000.0,10.2
Unit,635000.0,10.2
Unit,450000.0,10.2
Unit,875000.0,10.2
Unit,760000.0,10.2
Unit,1083799.0,10.2
Unit,769000.0,10.2
Unit,1255000.0,10.2
Unit,770000.0,10.2
Unit,2300000.0,10.2
Unit,610000.0,10.2
Unit,375000.0,10.2
Unit,655000.0,10.2
Unit,1025000.0,10.2
Unit,560000.0,10.2
Unit,250000.0,10.2
Unit,600000.0,10.2
Unit,1700000.0,10.2
Unit,380000.0,10.2
Unit,1150000.0,10.2
Unit,399000.0,10.2
Unit,2056927.0,10.2
Unit,327000.0,10.2
Unit,1480000.0,10.2
Unit,1130000.0,10.2
Unit,13354169.0,10.2
Unit,3500000.0,10.2
Unit,450000.0,10.2
Unit,600000.0,10.2
Unit,3641639.0,10.2
Unit,890000.0,10.2
Unit,615305.0,10.2
Unit,1225000.0,10.2
Unit,1745910.0,10.2
Unit,1338750.0,10.2
Unit,665286.0,10.2
Unit,719200.0,10.2
Unit,1285000.0,10.2
Unit,675016.0,10.2
Unit,635000.0,10.2
Unit,1150000.0,10.2
Unit,405000.0,10.2
Unit,357730.0,10.2
Unit,562250.0,10.2
Unit,655728.0,10.2
Unit,860000.0,10.2
Unit,1500000.0,10.2
Unit,400000.0,10.2
Unit,390000.0,10.2
Unit,1350000.0,10.2
Unit,275000.0,10.2
Unit,2408000.0,10.2
Unit,420000.0,10.2
Unit,1021954.0,10.2
Unit,1635000.0,10.2
Unit,630000.0,10.2
Unit,1700000.0,10.2
Unit,3200000.0,10.2
Unit,770000.0,10.2
Unit,770000.0,10.2
Unit,792370.0,10.2
Unit,200000.0,10.2
Unit,3825000.0,10.2
Unit,525000.0,10.2
Unit,447000.0,10.2
Unit,1583832.0,10.2
Unit,790000.0,10.2
Unit,2850000.0,10.2
Unit,11250000.0,10.2
Unit,2870000.0,10.2
Unit,6150000.0,10.2
Unit,1108332.0,10.2
Unit,485000.0,10.2
Unit,250000.0,10.2
Unit,425000.0,10.2
Unit,549466.0,10.2
Unit,3500000.0,10.2
Unit,500000.0,10.2
Unit,310000.0,10.2
Unit,1750000.0,10.2
Unit,1750000.0,10.2
Unit,4000000.0,10.2
Unit,371000.0,10.2
Unit,450000.0,10.2
Unit,271937.0,10.2
Unit,570000.0,10.2
Unit,350000.0,10.2
Unit,240000.0,10.2
Unit,1680000.0,10.2
Unit,370000.0,10.2
Unit,480000.0,10.2
Unit,2750000.0,10.2
Unit,520000.0,10.2
Unit,3525366.0,10.2
Unit,360000.0,10.2
Unit,375000.0,10.2
Unit,248000.0,10.2
Unit,300000.0,10.2
Unit,2350000.0,10.2
Unit,3700000.0,10.2
Unit,1000000.0,10.2
Unit,934575.0,10.2
Unit,340000.0,10.2
Unit,2150000.0,10.2
Unit,970044.0,10.2
Unit,780000.0,10.2
Unit,2500000.0,10.2
Unit,2450000.0,10.2
Unit,286137.0,10.2
Unit,450000.0,10.2
Unit,2850000.0,10.2
Unit,1800000.0,10.2
Unit,1646984.0,10.2
Unit,240000.0,10.2
Unit,785000.0,10.2
Unit,625000.0,10.2
Unit,900000.0,10.2
Unit,299473.0,10.2
Unit,2650000.0,10.2
Unit,1460400.0,10.2
Unit,2500000.0,10.2
Unit,2905000.0,10.2
Unit,966000.0,10.2
Unit,790000.0,10.2
Unit,1600000.0,10.2
Unit,980000.0,10.2
Unit,1480200.0,10.2
Unit,650000.0,10.2
Unit,700000.0,10.2
Unit,1080000.0,10.2
Unit,1150828.0,10.2
Unit,2125000.0,10.2
Unit,1300000.0,10.2
Unit,1760976.0,10.2
Unit,565000.0,10.2
Unit,4100000.0,10.2
Unit,1090000.0,10.2
Unit,4500000.0,10.2
Unit,2960000.0,10.2
Unit,6720000.0,10.2
Unit,980000.0,10.2
Unit,730000.0,10.2
Unit,1912906.0,10.2
Unit,900000.0,10.2
Unit,862243.0,10.2
Unit,288993.0,10.2
Unit,1712448.0,10.2
Unit,4200000.0,10.2
Unit,605000.0,10.2
Unit,700000.0,10.2
Unit,335000.0,10.2
Unit,11730000.0,10.2
Unit,425000.0,10.2
Unit,850000.0,10.2
Unit,1700000.0,10.2
Unit,925000.0,10.2
Unit,900000.0,10.2
Unit,700000.0,10.2
Unit,900000.0,10.2
Unit,2530000.0,10.2
Unit,550000.0,10.2
Unit,1285000.0,10.2
Unit,538000.0,10.2
Unit,595000.0,10.2
Unit,972800.0,10.2
Unit,642400.0,10.2
Unit,4895238.0,10.2
Unit,455000.0,10.2
Unit,1880000.0,10.2
Unit,826228.0,10.2
Unit,234463.0,10.2
Unit,1920000.0,10.2
Unit,415000.0,10.2
Unit,1331012.0,10.2
Unit,2835300.0,10.2
Unit,400450.0,10.2
Unit,419440.0,10.2
Unit,1925000.0,10.2
Unit,438095.0,10.2
Villa,5800000.0,12.5
Villa,1705000.0,12.5
Villa,4650000.0,12.5
Land,1040000.0,8.5
Villa,6600000.0,12.5
Land,5199903.0,8.5
Villa,141610.0,12.5
Villa,5700000.0,12.5
Villa,3615000.0,12.5
Land,1289000.0,8.5
Villa,2200000.0,12.5
Villa,40739299.0,12.5
Villa,4900000.0,12.5
Villa,9150000.0,12.5
Villa,7475000.0,12.5
Building,10600000.0,9.8
Villa,3019275.0,12.5
Villa,4350000.0,12.5
Villa,2900000.0,12.5
Land,3800000.0,8.5
Land,1200000.0,8.5
Villa,2575000.0,12.5
Villa,3700000.0,12.5
Villa,3208000.0,12.5
Villa,3300000.0,12.5
Villa,1850000.0,12.5
Land,10854193.0,8.5
Villa,8450000.0,12.5
Villa,4900000.0,12.5
Villa,3000000.0,12.5
Villa,1600000.0,12.5
Land,36500000.0,8.5
Villa,1033000.0,12.5
Villa,7150000.0,12.5
Land,16000000.0,8.5
Villa,750000.0,12.5
Villa,3500000.0,12.5
Land,1960000.0,8.5
Land,1150000.0,8.5
Land,3000000.0,8.5
Land,2648000.0,8.5
Land,3220000.0,8.5
Land,2628000.0,8.5
Land,3300000.0,8.5
Land,2431000.0,8.5
Land,242430.0,8.5
Villa,2620000.0,12.5
Villa,1950000.0,12.5
Villa,2575000.0,12.5
Villa,2800000.0,12.5
Villa,4850000.0,12.5
Villa,1733000.0,12.5
Villa,3069899.0,12.5
Villa,2300000.0,12.5
Villa,1800000.0,12.5
Villa,3500000.0,12.5
Villa,3302250.0,12.5
Villa,1200000.0,12.5
Villa,1100000.0,12.5
Villa,1275000.0,12.5
Villa,1570000.0,12.5
Villa,2792286.0,12.5
Villa,2965823.0,12.5
Villa,2109215.0,12.5
Villa,3500000.0,12.5
Unit,1730000.0,10.2
Unit,430000.0,10.2
Unit,1300000.0,10.2
Unit,1700000.0,10.2
Unit,2000000.0,10.2
Unit,2500000.0,10.2
Unit,599000.0,10.2
Unit,699000.0,10.2
Unit,3700000.0,10.2
Unit,675000.0,10.2
Unit,1375000.0,10.2
Unit,630812.0,10.2
Unit,1300000.0,10.2
Unit,440000.0,10.2
Unit,200000.0,10.2
Unit,307553.0,10.2
Unit,1550000.0,10.2
Unit,200000.0,10.2
Unit,253500.0,10.2
Unit,380000.0,10.2
Unit,335000.0,10.2
Unit,1415000.0,10.2
Unit,190000.0,10.2
Unit,211850.0,10.2
Unit,207000.0,10.2
Unit,255000.0,10.2
Unit,225000.0,10.2
Unit,480000.0,10.2
Unit,1234500.0,10.2
Unit,1400000.0,10.2
Unit,2650000.0,10.2
Unit,2150000.0,10.2
Unit,1900000.0,10.2
Unit,452000.0,10.2
Unit,330000.0,10.2
Unit,6200000.0,10.2
Unit,199057.0,10.2
Unit,470000.0,10.2
Unit,320000.0,10.2
Unit,285000.0,10.2
Unit,2500000.0,10.2
Unit,433000.0,10.2
Unit,1370000.0,10.2
Unit,1150000.0,10.2
Unit,600000.0,10.2
Unit,225000.0,10.2
Unit,400000.0,10.2
Unit,1360288.0,10.2
Unit,610000.0,10.2
Unit,3680000.0,10.2
Unit,3263519.0,10.2
Unit,1500000.0,10.2
Unit,500000.0,10.2
Unit,710000.0,10.2
Unit,2575000.0,10.2
Unit,250000.0,10.2
Unit,220000.0,10.2
Unit,575000.0,10.2
Unit,2250000.0,10.2
Unit,930600.0,10.2
Unit,535000.0,10.2
Unit,1600000.0,10.2
Unit,803706.0,10.2
Unit,2350000.0,10.2
Unit,12000000.0,10.2
Unit,1610000.0,10.2
Unit,3840000.0,10.2
Unit,11211193.0,10.2
Unit,320000.0,10.2
Unit,3350000.0,10.2
Unit,1300000.0,10.2
Unit,975000.0,10.2
Unit,650000.0,10.2
Unit,3800000.0,10.2
Unit,850000.0,10.2
Unit,420000.0,10.2
Unit,1530000.0,10.2
Unit,2050000.0,10.2
Unit,1050000.0,10.2
Unit,710000.0,10.2
Unit,455523.0,10.2
Unit,1000350.0,10.2
Unit,650000.0,10.2
Unit,765576.0,10.2
Unit,480000.0,10.2
Unit,220000.0,10.2
Unit,225000.0,10.2
Unit,257000.0,10.2
Unit,625000.0,10.2
Unit,550000.0,10.2
Unit,1975000.0,10.2
Unit,1670000.0,10.2
Unit,950000.0,10.2
Unit,3350000.0,10.2
Unit,825000.0,10.2
Unit,420000.0,10.2
Unit,290000.0,10.2
Unit,21976.0,10.2
Unit,1050000.0,10.2
Unit,595000.0,10.2
Unit,298590.0,10.2
Unit,3761000.0,10.2
Unit,1100000.0,10.2
Unit,1755000.0,10.2
Unit,975000.0,10.2
Unit,550000.0,10.2
Unit,1220000.0,10.2
Unit,1300000.0,10.2
Unit,632000.0,10.2
Unit,470000.0,10.2
Unit,1785000.0,10.2
Unit,6600000.0,10.2
Unit,2900000.0,10.2
Unit,1561282.0,10.2
Unit,3783653.0,10.2
Unit,360000.0,10.2
Unit,1583051.0,10.2
Unit,187670.0,10.2
Unit,2800000.0,10.2
Unit,660000.0,10.2
Unit,1020000.0,10.2
Unit,420000.0,10.2
Unit,2100000.0,10.2
Unit,295000.0,10.2
Unit,850000.0,10.2
Unit,524400.0,10.2
Unit,800000.0,10.2
Unit,300000.0,10.2
Unit,410000.0,10.2
Unit,420000.0,10.2
Unit,550000.0,10.2
Unit,231000.0,10.2
Unit,245000.0,10.2
Unit,1850000.0,10.2
Unit,1550000.0,10.2
Unit,4800000.0,10.2
Unit,1300000.0,10.2
Unit,2185000.0,10.2
Unit,2200000.0,10.2
Unit,5482485.0,10.2
Unit,600000.0,10.2
Unit,5675000.0,10.2
Unit,3500000.0,10.2
Unit,11115.0,10.2
Unit,210000.0,10.2
Unit,740000.0,10.2
Unit,2700000.0,10.2
Unit,2000000.0,10.2
Unit,1490000.0,10.2
Unit,1700000.0,10.2
Unit,525000.0,10.2
Unit,1100000.0,10.2
Unit,1150000.0,10.2
Unit,3500000.0,10.2
Unit,400000.0,10.2
Unit,410000.0,10.2
Unit,564640.0,10.2
Unit,628425.0,10.2
Unit,1000000.0,10.2
Unit,1136150.0,10.2
Unit,1312978.0,10.2
Unit,400000.0,10.2
Unit,622008.0,10.2
Unit,530000.0,10.2
Unit,550000.0,10.2
Unit,515000.0,10.2
Unit,2200000.0,10.2
Unit,400000.0,10.2
Unit,574000.0,10.2
Unit,1100000.0,10.2
Unit,400000.0,10.2
Unit,1100000.0,10.2
Unit,121309.0,10.2
Unit,225797.0,10.2
Unit,228275.0,10.2
Unit,1800000.0,10.2
Unit,5350000.0,10.2
Unit,1706000.0,10.2
Unit,800000.0,10.2
Unit,274412.0,10.2
Unit,495000.0,10.2
Unit,305000.0,10.2
Unit,450000.0,10.2
Unit,10000000.0,10.2
Unit,400000.0,10.2
Unit,265000.0,10.2
Unit,2450000.0,10.2
Unit,266288.0,10.2
Unit,870000.0,10.2
Unit,2085125.0,10.2
Unit,877000.0,10.2
Unit,600000.0,10.2
Unit,1450000.0,10.2
Unit,3200000.0,10.2
Unit,2425000.0,10.2
Unit,1518347.0,10.2
Unit,1607550.0,10.2
Unit,347000.0,10.2
Unit,330000.0,10.2
Unit,10300000.0,10.2
Unit,2890000.0,10.2
Unit,1300000.0,10.2
Unit,1274000.0,10.2
Unit,1000000.0,10.2
Unit,3461760.0,10.2
Unit,775000.0,10.2
Unit,590000.0,10.2
Unit,790000.0,10.2
Unit,4800000.0,10.2
Unit,3000000.0,10.2
Unit,292000.0,10.2
Unit,700000.0,10.2
Unit,815000.0,10.2
Unit,1475987.0,10.2
Unit,1650000.0,10.2
Unit,1309603.0,10.2
Unit,2500000.0,10.2
Unit,530000.0,10.2
Unit,825000.0,10.2
Unit,1977199.0,10.2
Unit,1000000.0,10.2
Unit,450000.0,10.2
Unit,342350.0,10.2
Unit,5241021.0,10.2
Unit,560000.0,10.2
Unit,1206346.0,10.2
Unit,1088521.0,10.2
Unit,670000.0,10.2
Unit,757914.0,10.2
Unit,870000.0,10.2
Villa,1750000.0,12.5
Villa,2425000.0,12.5
Villa,3200000.0,12.5
Villa,2900000.0,12.5
Land,1500000.0,8.5
Villa,2550000.0,12.5
Land,95000000.0,8.5
Villa,2500000.0,12.5
Villa,6700000.0,12.5
Villa,2000000.0,12.5
Villa,4500000.0,12.5
Land,2800000.0,8.5
Land,3600000.0,8.5
Villa,2000000.0,12.5
Villa,4500000.0,12.5
Villa,5500000.0,12.5
Villa,2800000.0,12.5
Villa,3500000.0,12.5
Building,2500000.0,9.8
Villa,9975000.0,12.5
Land,15004645.0,8.5
Land,5372640.0,8.5
Villa,5500000.0,12.5
Villa,2650000.0,12.5
Land,4850000.0,8.5
Villa,4090590.0,12.5
Villa,5500000.0,12.5
Villa,5550000.0,12.5
Land,1750000.0,8.5
Land,5800000.0,8.5
Villa,10000000.0,12.5
Villa,10000000.0,12.5
Villa,2075000.0,12.5
Villa,3100000.0,12.5
Villa,1700000.0,12.5
Land,1710000.0,8.5
Land,12248060.0,8.5
Villa,4200000.0,12.5
Villa,3225000.0,12.5
Land,17259200.0,8.5
Land,4937497.0,8.5
Villa,7600000.0,12.5
Land,1290000.0,8.5
Villa,32517857.0,12.5
Villa,1040000.0,12.5
Villa,1300000.0,12.5
Land,691775.0,8.5
Land,1075000.0,8.5
Villa,3300000.0,12.5
Land,830000.0,8.5
Land,25961243.0,8.5
Land,245745.0,8.5
Land,227701.0,8.5
Villa,1990000.0,12.5
Villa,1800000.0,12.5
Villa,1620000.0,12.5
Villa,2600000.0,12.5
Villa,2250000.0,12.5
Villa,2700000.0,12.5
Villa,17000000.0,12.5
Villa,1650000.0,12.5
Villa,1400000.0,12.5
Villa,800000.0,12.5
Villa,1800000.0,12.5
Villa,3300000.0,12.5
Villa,3315000.0,12.5
Villa,1300000.0,12.5
Villa,1530000.0,12.5
Villa,1500000.0,12.5
Villa,3100000.0,12.5
Villa,2450000.0,12.5
Villa,3630900.0,12.5
Villa,3302250.0,12.5
Villa,1350000.0,12.5
Villa,1487500.0,12.5
Villa,1415000.0,12.5
Villa,4145000.0,12.5
Villa,4925000.0,12.5
Unit,2500000.0,10.2
Unit,1400000.0,10.2
Unit,928888.0,10.2
Unit,850000.0,10.2
Unit,1200000.0,10.2
Unit,975000.0,10.2
Unit,599000.0,10.2
Unit,2900000.0,10.2
Unit,2280000.0,10.2
Unit,1000000.0,10.2
Unit,1029500.0,10.2
Unit,299000.0,10.2
Unit,1500000.0,10.2
Unit,2100000.0,10.2
Unit,230000.0,10.2
Unit,220000.0,10.2
Unit,625740.0,10.2
Unit,288000.0,10.2
Unit,300000.0,10.2
Unit,185000.0,10.2
Unit,200000.0,10.2
Unit,200000.0,10.2
Unit,280000.0,10.2
Unit,185000.0,10.2
Unit,250000.0,10.2
Unit,200000.0,10.2
Unit,260000.0,10.2
Unit,750000.0,10.2
Unit,4000000.0,10.2
Unit,531657.0,10.2
Unit,268000.0,10.2
Unit,325000.0,10.2
Unit,2300000.0,10.2
Unit,1500000.0,10.2
Unit,250000.0,10.2
Unit,315000.0,10.2
Unit,465000.0,10.2
Unit,290000.0,10.2
Unit,276000.0,10.2
Unit,1200000.0,10.2
Unit,965000.0,10.2
Unit,1950000.0,10.2
Unit,1200000.0,10.2
Unit,1207440.0,10.2
Unit,595000.0,10.2
Unit,240000.0,10.2
Unit,900000.0,10.2
Unit,910000.0,10.2
Unit,1350000.0,10.2
Unit,1464750.0,10.2
Unit,1020000.0,10.2
Unit,850000.0,10.2
Unit,1400000.0,10.2
Unit,700000.0,10.2
Unit,1722582.0,10.2
Unit,2390000.0,10.2
Unit,132934.0,10.2
Unit,225000.0,10.2
Unit,3050000.0,10.2
Unit,2525000.0,10.2
Unit,445000.0,10.2
Unit,650000.0,10.2
Unit,1250000.0,10.2
Unit,1700000.0,10.2
Unit,413410.0,10.2
Unit,400000.0,10.2
Unit,2200000.0,10.2
Unit,295508.0,10.2
Unit,522742.0,10.2
Unit,1630433.0,10.2
Unit,1020000.0,10.2
Unit,1150000.0,10.2
Unit,594201.0,10.2
Unit,900000.0,10.2
Unit,1080000.0,10.2
Unit,1295018.0,10.2
Unit,675118.0,10.2
Unit,665000.0,10.2
Unit,175000.0,10.2
Unit,510000.0,10.2
Unit,1134891.0,10.2
Unit,1629000.0,10.2
Unit,325000.0,10.2
Unit,435000.0,10.2
Unit,643000.0,10.2
Unit,600000.0,10.2
Unit,1057000.0,10.2
Unit,660000.0,10.2
Unit,10200000.0,10.2
Unit,460000.0,10.2
Unit,729000.0,10.2
Unit,225000.0,10.2
Unit,534196.0,10.2
Unit,1100000.0,10.2
Unit,355000.0,10.2
Unit,420000.0,10.2
Unit,540000.0,10.2
Unit,950000.0,10.2
Unit,1385000.0,10.2
Unit,2550000.0,10.2
Unit,2040000.0,10.2
Unit,340000.0,10.2
Unit,325000.0,10.2
Unit,285000.0,10.2
Unit,715000.0,10.2
Unit,3650000.0,10.2
Unit,1400000.0,10.2
Unit,1100000.0,10.2
Unit,750000.0,10.2
Unit,460000.0,10.2
Unit,370000.0,10.2
Unit,1410000.0,10.2
Unit,350000.0,10.2
Unit,3850000.0,10.2
Unit,425000.0,10.2
Unit,1945866.0,10.2
Unit,7800000.0,10.2
Unit,1195000.0,10.2
Unit,1000000.0,10.2
Unit,1750000.0,10.2
Unit,1010000.0,10.2
Unit,630000.0,10.2
Unit,430000.0,10.2
Unit,430000.0,10.2
Unit,2000000.0,10.2
Unit,7700000.0,10.2
Unit,1409251.0,10.2
Unit,1800000.0,10.2
Unit,3650000.0,10.2
Unit,848170.0,10.2
Unit,2500000.0,10.2
Unit,1343729.0,10.2
Unit,390000.0,10.2
Unit,3850000.0,10.2
Unit,3650000.0,10.2
Unit,1000000.0,10.2
Unit,1260000.0,10.2
Unit,1209450.0,10.2
Unit,360000.0,10.2
Unit,1292974.0,10.2
Unit,230000.0,10.2
Unit,440000.0,10.2
Unit,3850000.0,10.2
Unit,4078600.0,10.2
Unit,2100000.0,10.2
Unit,1275000.0,10.2
Unit,878329.0,10.2
Unit,590000.0,10.2
Unit,1668000.0,10.2
Unit,1200000.0,10.2
Unit,285000.0,10.2
Unit,730000.0,10.2
Unit,774553.0,10.2
Unit,750000.0,10.2
Unit,1750000.0,10.2
Unit,1960000.0,10.2
Unit,270000.0,10.2
Unit,1165000.0,10.2
Unit,315429.0,10.2
Unit,480000.0,10.2
Unit,315000.0,10.2
Unit,290000.0,10.2
Unit,675000.0,10.2
Unit,2750000.0,10.2
Unit,1680000.0,10.2
Unit,930000.0,10.2
Unit,1300000.0,10.2
Unit,1950000.0,10.2
Unit,4200000.0,10.2
Unit,1275000.0,10.2
Unit,1780660.0,10.2
Unit,930000.0,10.2
Unit,3500000.0,10.2
Unit,13500000.0,10.2
Unit,1925000.0,10.2
Unit,1910000.0,10.2
Unit,3000000.0,10.2
Unit,340000.0,10.2
Unit,300000.0,10.2
Unit,790000.0,10.2
Unit,1897500.0,10.2
Unit,1700000.0,10.2
Unit,1100000.0,10.2
Unit,3750000.0,10.2
Unit,7000000.0,10.2
Unit,2500000.0,10.2
Unit,1125000.0,10.2
Unit,1575000.0,10.2
Unit,730000.0,10.2
Unit,345000.0,10.2
Unit,1304000.0,10.2
Unit,850000.0,10.2
Unit,2570000.0,10.2
Unit,5300000.0,10.2
Unit,450000.0,10.2
Unit,1100000.0,10.2
Unit,1100000.0,10.2
Unit,335000.0,10.2
Unit,450000.0,10.2
Unit,550000.0,10.2
Unit,614835.0,10.2
Unit,725595.0,10.2
Unit,255000.0,10.2
Unit,410000.0,10.2
Unit,1060000.0,10.2
Unit,3329127.0,10.2
Unit,700000.0,10.2
Unit,750000.0,10.2
Unit,328517.0,10.2
Unit,394000.0,10.2
Unit,887285.0,10.2
Unit,1100000.0,10.2
Unit,3649900.0,10.2
Unit,1150000.0,10.2
Unit,1465000.0,10.2
Unit,1414227.0,10.2
Unit,3027700.0,10.2
Unit,620000.0,10.2
Unit,720000.0,10.2
Unit,1743022.0,10.2
Unit,400000.0,10.2
Unit,565000.0,10.2
Unit,243101.0,10.2
Unit,1941000.0,10.2
Unit,500000.0,10.2
Unit,420000.0,10.2
Unit,800000.0,10.2
Unit,1025000.0,10.2
Unit,1163042.0,10.2
Unit,1001905.0,10.2
Villa,709000.0,12.5
Villa,4175000.0,12.5
Villa,2750000.0,12.5
Land,7500000.0,8.5
Villa,6000000.0,12.5
Villa,2950000.0,12.5
Land,1779680.0,8.5
Villa,4625000.0,12.5
Villa,2807344.0,12.5
Building,10000000.0,9.8
Villa,1000000.0,12.5
Villa,1150000.0,12.5
Land,6129998.0,8.5
Villa,2442154.0,12.5
Villa,4150000.0,12.5
Villa,2000000.0,12.5
Villa,3900000.0,12.5
Land,16000000.0,8.5
Villa,4400000.0,12.5
Villa,4350000.0,12.5
Villa,5000000.0,12.5
Building,3600000.0,9.8
Land,400000.0,8.5
Villa,4550000.0,12.5
Villa,4990000.0,12.5
Villa,1419000.0,12.5
Villa,1705000.0,12.5
Villa,1825000.0,12.5
Villa,1265000.0,12.5
Villa,1540000.0,12.5
Villa,15300000.0,12.5
Villa,1260000.0,12.5
Villa,1145000.0,12.5
Villa,4850000.0,12.5
Villa,5550000.0,12.5
Villa,2519000.0,12.5
Land,700000.0,8.5
Land,6015306.0,8.5
Land,1965000.0,8.5
Villa,2950000.0,12.5
Land,253424.0,8.5
Land,17935000.0,8.5
Land,715769.0,8.5
Villa,2820000.0,12.5
Villa,3325000.0,12.5
Villa,2100000.0,12.5
Villa,2975000.0,12.5
Villa,1380000.0,12.5
Villa,2250000.0,12.5
Villa,2400000.0,12.5
Villa,2120000.0,12.5
Villa,1700000.0,12.5
Villa,2450000.0,12.5
Villa,3051500.0,12.5
Villa,2350000.0,12.5
Villa,3302250.0,12.5
Villa,1960000.0,12.5
Villa,2555570.0,12.5
Villa,2099984.0,12.5
Unit,416800.0,10.2
Unit,699000.0,10.2
Unit,690000.0,10.2
Unit,2200000.0,10.2
Unit,1995000.0,10.2
Unit,1440000.0,10.2
Unit,1325000.0,10.2
Unit,599000.0,10.2
Unit,1660000.0,10.2
Unit,1105000.0,10.2
Unit,449000.0,10.2
Unit,1885000.0,10.2
Unit,1190000.0,10.2
Unit,3600000.0,10.2
Unit,1190000.0,10.2
Unit,2050000.0,10.2
Unit,520000.0,10.2
Unit,1285000.0,10.2
Unit,3800000.0,10.2
Unit,220000.0,10.2
Unit,315000.0,10.2
Unit,325000.0,10.2
Unit,205000.0,10.2
Unit,210000.0,10.2
Unit,270000.0,10.2
Unit,265000.0,10.2
Unit,325000.0,10.2
Unit,320000.0,10.2
Unit,4300000.0,10.2
Unit,2000000.0,10.2
Unit,2475000.0,10.2
Unit,342600.0,10.2
Unit,220000.0,10.2
Unit,425000.0,10.2
Unit,853340.0,10.2
Unit,1988888.0,10.2
Unit,330000.0,10.2
Unit,319000.0,10.2
Unit,457000.0,10.2
Unit,1800000.0,10.2
Unit,450000.0,10.2
Unit,2450000.0,10.2
Unit,9600000.0,10.2
Unit,490000.0,10.2
Unit,2650000.0,10.2
Unit,761000.0,10.2
Unit,1675000.0,10.2
Unit,1249950.0,10.2
Unit,950000.0,10.2
Unit,986384.0,10.2
Unit,3700000.0,10.2
Unit,1100000.0,10.2
Unit,2200000.0,10.2
Unit,470539.0,10.2
Unit,570000.0,10.2
Unit,505000.0,10.2
Unit,575000.0,10.2
Unit,480000.0,10.2
Unit,550000.0,10.2
Unit,230000.0,10.2
Unit,1115000.0,10.2
Unit,1970000.0,10.2
Unit,1805000.0,10.2
Unit,720000.0,10.2
Unit,400000.0,10.2
Unit,4660000.0,10.2
Unit,2900000.0,10.2
Unit,733817.0,10.2
Unit,800000.0,10.2
Unit,3700000.0,10.2
Unit,1000000.0,10.2
Unit,1479000.0,10.2
Unit,1253679.0,10.2
Unit,1875000.0,10.2
Unit,750000.0,10.2
Unit,1400000.0,10.2
Unit,1100000.0,10.2
Unit,816000.0,10.2
Unit,780000.0,10.2
Unit,4300000.0,10.2
Unit,1144943.0,10.2
Unit,550000.0,10.2
Unit,195375.0,10.2
Unit,233000.0,10.2
Unit,820000.0,10.2
Unit,445416.0,10.2
Unit,660000.0,10.2
Unit,850000.0,10.2
Unit,1200000.0,10.2
Unit,979143.0,10.2
Unit,1690000.0,10.2
Unit,435000.0,10.2
Unit,350000.0,10.2
Unit,510000.0,10.2
Unit,715000.0,10.2
Unit,1450000.0,10.2
Unit,925000.0,10.2
Unit,499000.0,10.2
Unit,1680000.0,10.2
Unit,770000.0,10.2
Unit,1394000.0,10.2
Unit,1500000.0,10.2
Unit,860000.0,10.2
Unit,360000.0,10.2
Unit,1800000.0,10.2
Unit,700000.0,10.2
Unit,1645000.0,10.2
Unit,858393.0,10.2
Unit,2200000.0,10.2
Unit,1400000.0,10.2
Unit,335000.0,10.2
Unit,8000000.0,10.2
Unit,388800.0,10.2
Unit,947847.0,10.2
Unit,1650000.0,10.2
Unit,680000.0,10.2
Unit,740000.0,10.2
Unit,225000.0,10.2
Unit,210000.0,10.2
Unit,3750000.0,10.2
Unit,2200000.0,10.2
Unit,375000.0,10.2
Unit,500000.0,10.2
Unit,329108.0,10.2
Unit,5531843.0,10.2
Unit,1776657.0,10.2
Unit,1000000.0,10.2
Unit,385000.0,10.2
Unit,1409251.0,10.2
Unit,500000.0,10.2
Unit,1900000.0,10.2
Unit,2650000.0,10.2
Unit,1600000.0,10.2
Unit,1500000.0,10.2
Unit,425000.0,10.2
Unit,4100000.0,10.2
Unit,2605000.0,10.2
Unit,1245500.0,10.2
Unit,952900.0,10.2
Unit,870000.0,10.2
Unit,970626.0,10.2
Unit,460000.0,10.2
Unit,300000.0,10.2
Unit,650000.0,10.2
Unit,590000.0,10.2
Unit,555000.0,10.2
Unit,977741.0,10.2
Unit,810000.0,10.2
Unit,747390.0,10.2
Unit,2150137.0,10.2
Unit,380000.0,10.2
Unit,1650000.0,10.2
Unit,2650000.0,10.2
Unit,860000.0,10.2
Unit,310000.0,10.2
Unit,430000.0,10.2
Unit,3200000.0,10.2
Unit,293272.0,10.2
Unit,2495000.0,10.2
Unit,6600000.0,10.2
Unit,4200000.0,10.2
Unit,2500000.0,10.2
Unit,456452.0,10.2
Unit,800000.0,10.2
Unit,36000000.0,10.2
Unit,2450000.0,10.2
Unit,1650000.0,10.2
Unit,427000.0,10.2
Unit,1500780.0,10.2
Unit,1995000.0,10.2
Unit,450000.0,10.2
Unit,841625.0,10.2
Unit,400000.0,10.2
Unit,595000.0,10.2
Unit,3200000.0,10.2
Unit,4000000.0,10.2
Unit,350000.0,10.2
Unit,2480000.0,10.2
Unit,4427000.0,10.2
Unit,30000000.0,10.2
Unit,3557000.0,10.2
Unit,369000.0,10.2
Unit,375000.0,10.2
Unit,170000.0,10.2
Unit,2332250.0,10.2
Unit,2300000.0,10.2
Unit,480000.0,10.2
Unit,365000.0,10.2
Unit,1300000.0,10.2
Unit,890722.0,10.2
Unit,390000.0,10.2
Unit,790000.0,10.2
Unit,1459714.0,10.2
Unit,4500000.0,10.2
Unit,400000.0,10.2
Unit,860000.0,10.2
Unit,490000.0,10.2
Unit,365000.0,10.2
Unit,820000.0,10.2
Unit,1751536.0,10.2
Unit,360000.0,10.2
Unit,400000.0,10.2
Unit,740000.0,10.2
Unit,1853545.0,10.2
Unit,350000.0,10.2
Unit,890000.0,10.2
Unit,1033333.0,10.2
Unit,1456313.0,10.2
Unit,1480303.0,10.2
Unit,7117895.0,10.2
Unit,370000.0,10.2
Unit,1076100.0,10.2
Unit,981750.0,10.2
Unit,3123810.0,10.2
Unit,455000.0,10.2
Unit,1327597.0,10.2
Unit,739142.0,10.2
Unit,1263472.0,10.2
Unit,700000.0,10.2
Unit,1175817.0,10.2
Unit,1220000.0,10.2
Unit,1754040.0,10.2
Unit,550645.0,10.2
Unit,971147.0,10.2
Unit,438095.0,10.2
Unit,1095238.0,10.2
Villa,11000000.0,12.5
Villa,2150000.0,12.5
Villa,8500000.0,12.5
Villa,2100000.0,12.5
Building,1800000.0,9.8
Land,1080000.0,8.5
Villa,667882.0,12.5
Villa,6100000.0,12.5
Villa,3300000.0,12.5
Villa,10000000.0,12.5
Building,21145000.0,9.8
Villa,6310000.0,12.5
Villa,5750000.0,12.5
Villa,3255000.0,12.5
Villa,4050000.0,12.5
Villa,2150000.0,12.5
Villa,26600000.0,12.5
Villa,4600000.0,12.5
Land,6233957.0,8.5
Villa,3030000.0,12.5
Villa,2650000.0,12.5
Villa,5350000.0,12.5
Villa,2750000.0,12.5
Villa,2750000.0,12.5
Villa,2400000.0,12.5
Villa,4000000.0,12.5
Villa,6000000.0,12.5
Villa,6700000.0,12.5
Villa,2229750.0,12.5
Land,1300000.0,8.5
Land,5143212.0,8.5
Villa,1825000.0,12.5
Villa,1865000.0,12.5
Villa,3500000.0,12.5
Villa,9675000.0,12.5
Land,1090000.0,8.5
Building,22250000.0,9.8
Villa,9425000.0,12.5
Land,63000000.0,8.5
Villa,5500000.0,12.5
Villa,5725000.0,12.5
Villa,5700000.0,12.5
Villa,6000000.0,12.5
Land,6837000.0,8.5
Villa,2500000.0,12.5
Villa,2420000.0,12.5
Land,2670000.0,8.5
Land,1600000.0,8.5
Land,3750000.0,8.5
Villa,2550000.0,12.5
Villa,3050000.0,12.5
Villa,1830000.0,12.5
Villa,1665000.0,12.5
Villa,1250000.0,12.5
Villa,2450000.0,12.5
Villa,1850000.0,12.5
Villa,1300000.0,12.5
Villa,3400000.0,12.5
Villa,1700000.0,12.5
Villa,1850000.0,12.5
Villa,1580000.0,12.5
Villa,1900000.0,12.5
Villa,1400000.0,12.5
Villa,1850000.0,12.5
Villa,3302250.0,12.5
Villa,1825000.0,12.5
Villa,1700000.0,12.5
Villa,73000000.0,12.5
Villa,2900000.0,12.5
Villa,1740000.0,12.5
Villa,2000000.0,12.5
Villa,2385000.0,12.5
Unit,1690000.0,10.2
Unit,850000.0,10.2
Unit,1030000.0,10.2
Unit,1450000.0,10.2
Unit,1865000.0,10.2
Unit,1500000.0,10.2
Unit,4250000.0,10.2
Unit,1000000.0,10.2
Unit,1105000.0,10.2
Unit,1350000.0,10.2
Unit,1700000.0,10.2
Unit,1177167.0,10.2
Unit,1430000.0,10.2
Unit,2045000.0,10.2
Unit,1450000.0,10.2
Unit,330000.0,10.2
Unit,265000.0,10.2
Unit,232000.0,10.2
Unit,356800.0,10.2
Unit,224000.0,10.2
Unit,315000.0,10.2
Unit,270000.0,10.2
Unit,210000.0,10.2
Unit,200000.0,10.2
Unit,320000.0,10.2
Unit,185000.0,10.2
Unit,193000.0,10.2
Unit,200038.0,10.2
Unit,1200000.0,10.2
Unit,1140000.0,10.2
Unit,1280000.0,10.2
Unit,285000.0,10.2
Unit,200000.0,10.2
Unit,295000.0,10.2
Unit,2700000.0,10.2
Unit,840000.0,10.2
Unit,2025000.0,10.2
Unit,800000.0,10.2
Unit,300000.0,10.2
Unit,835000.0,10.2
Unit,250000.0,10.2
Unit,1900000.0,10.2
Unit,2330000.0,10.2
Unit,480000.0,10.2
Unit,1400000.0,10.2
Unit,300000.0,10.2
Unit,390000.0,10.2
Unit,295000.0,10.2
Unit,385000.0,10.2
Unit,250000.0,10.2
Unit,430000.0,10.2
Unit,2322888.0,10.2
Unit,1250000.0,10.2
Unit,7000000.0,10.2
Unit,550000.0,10.2
Unit,1500000.0,10.2
Unit,900000.0,10.2
Unit,445000.0,10.2
Unit,850000.0,10.2
Unit,450000.0,10.2
Unit,600000.0,10.2
Unit,800000.0,10.2
Unit,590000.0,10.2
Unit,1607000.0,10.2
Unit,1635000.0,10.2
Unit,5600000.0,10.2
Unit,320000.0,10.2
Unit,1300000.0,10.2
Unit,650000.0,10.2
Unit,1250000.0,10.2
Unit,790000.0,10.2
Unit,369000.0,10.2
Unit,417500.0,10.2
Unit,422500.0,10.2
Unit,240000.0,10.2
Unit,115000.0,10.2
Unit,840000.0,10.2
Unit,1250000.0,10.2
Unit,6800000.0,10.2
Unit,2565000.0,10.2
Unit,340000.0,10.2
Unit,4520000.0,10.2
Unit,460000.0,10.2
Unit,2142491.0,10.2
Unit,350000.0,10.2
Unit,716374.0,10.2
Unit,852887.0,10.2
Unit,650000.0,10.2
Unit,1225000.0,10.2
Unit,370000.0,10.2
Unit,680000.0,10.2
Unit,459000.0,10.2
Unit,760000.0,10.2
Unit,4174218.0,10.2
Unit,505000.0,10.2
Unit,1220000.0,10.2
Unit,400000.0,10.2
Unit,840000.0,10.2
Unit,800000.0,10.2
Unit,1010000.0,10.2
Unit,957894.0,10.2
Unit,230000.0,10.2
Unit,1002334.0,10.2
Unit,1275000.0,10.2
Unit,1150000.0,10.2
Unit,725000.0,10.2
Unit,540000.0,10.2
Unit,500000.0,10.2
Unit,3000000.0,10.2
Unit,800000.0,10.2
Unit,1455000.0,10.2
Unit,490000.0,10.2
Unit,8000000.0,10.2
Unit,515000.0,10.2
Unit,280000.0,10.2
Unit,2600000.0,10.2
Unit,600000.0,10.2
Unit,610000.0,10.2
Unit,850000.0,10.2
Unit,480000.0,10.2
Unit,400000.0,10.2
Unit,450000.0,10.2
Unit,220000.0,10.2
Unit,360000.0,10.2
Unit,790000.0,10.2
Unit,3000000.0,10.2
Unit,2200000.0,10.2
Unit,2650000.0,10.2
Unit,1225000.0,10.2
Unit,345000.0,10.2
Unit,210000.0,10.2
Unit,675934.0,10.2
Unit,385000.0,10.2
Unit,450000.0,10.2
Unit,1200000.0,10.2
Unit,3050000.0,10.2
Unit,402477.0,10.2
Unit,1600000.0,10.2
Unit,765000.0,10.2
Unit,350000.0,10.2
Unit,550000.0,10.2
Unit,703000.0,10.2
Unit,250000.0,10.2
Unit,295000.0,10.2
Unit,2200000.0,10.2
Unit,2150000.0,10.2
Unit,1300400.0,10.2
Unit,660000.0,10.2
Unit,420000.0,10.2
Unit,895000.0,10.2
Unit,230000.0,10.2
Unit,550000.0,10.2
Unit,515000.0,10.2
Unit,845000.0,10.2
Unit,2000000.0,10.2
Unit,595000.0,10.2
Unit,375000.0,10.2
Unit,405000.0,10.2
Unit,409798.0,10.2
Unit,575000.0,10.2
Unit,880000.0,10.2
Unit,670000.0,10.2
Unit,1408759.0,10.2
Unit,772991.0,10.2
Unit,438000.0,10.2
Unit,295000.0,10.2
Unit,565395.0,10.2
Unit,395000.0,10.2
Unit,7050000.0,10.2
Unit,395000.0,10.2
Unit,2000000.0,10.2
Unit,1422000.0,10.2
Unit,310000.0,10.2
Unit,4850000.0,10.2
Unit,325000.0,10.2
Unit,1300000.0,10.2
Unit,880000.0,10.2
Unit,250000.0,10.2
Unit,285000.0,10.2
Unit,2200000.0,10.2
Unit,2300000.0,10.2
Unit,1300000.0,10.2
Unit,1020000.0,10.2
Unit,2571888.0,10.2
Unit,300000.0,10.2
Unit,3550000.0,10.2
Unit,2114500.0,10.2
Unit,2190000.0,10.2
Unit,460000.0,10.2
Unit,651700.0,10.2
Unit,360000.0,10.2
Unit,350000.0,10.2
Unit,614760.0,10.2
Unit,560000.0,10.2
Unit,588511.0,10.2
Unit,320000.0,10.2
Unit,726132.0,10.2
Unit,545000.0,10.2
Unit,2500000.0,10.2
Unit,300000.0,10.2
Unit,450000.0,10.2
Unit,450000.0,10.2
Unit,750000.0,10.2
Unit,560000.0,10.2
Unit,1251029.0,10.2
Unit,2150000.0,10.2
Unit,810000.0,10.2
Unit,1850000.0,10.2
Unit,2581790.0,10.2
Unit,1117942.0,10.2
Unit,2678075.0,10.2
Unit,1730000.0,10.2
Unit,680000.0,10.2
Unit,500000.0,10.2
Unit,921690.0,10.2
Unit,642400.0,10.2
Unit,412000.0,10.2
Unit,894481.0,10.2
Unit,1973741.0,10.2
Unit,2540300.0,10.2
Unit,3266650.0,10.2
Unit,1800000.0,10.2
Unit,1220000.0,10.2
Unit,839860.0,10.2
Unit,600000.0,10.2
Unit,5143054.0,10.2
Land,2668000.0,8.5
Land,2608000.0,8.5
Villa,3000000.0,12.5
Villa,2250000.0,12.5
Land,260772.0,8.5
Land,239198.0,8.5
Villa,2300000.0,12.5
Villa,1492500.0,12.5
Villa,1550000.0,12.5
Villa,1725000.0,12.5
Villa,2400000.0,12.5
Villa,3385000.0,12.5
Villa,2700000.0,12.5
Villa,1400000.0,12.5
Villa,2450000.0,12.5
Villa,1800000.0,12.5
Villa,2950000.0,12.5
Villa,2150000.0,12.5
Villa,3100000.0,12.5
Villa,1400000.0,12.5
Villa,1420000.0,12.5
Villa,1900000.0,12.5
Villa,1635000.0,12.5
Villa,2120000.0,12.5
Villa,1480000.0,12.5
Villa,1700000.0,12.5
Villa,1725000.0,12.5
Villa,1700000.0,12.5
Villa,3079099.0,12.5
Villa,3556800.0,12.5
Villa,1700000.0,12.5
Villa,1170000.0,12.5
Villa,2500000.0,12.5
Villa,3525000.0,12.5
Villa,2792286.0,12.5
Unit,1031558.0,10.2
Unit,700000.0,10.2
Unit,581259.0,10.2
Unit,408800.0,10.2
Unit,660800.0,10.2
Unit,1500000.0,10.2
Unit,1850000.0,10.2
Unit,1150000.0,10.2
Unit,7200000.0,10.2
Unit,2500000.0,10.2
Unit,500000.0,10.2
Unit,695000.0,10.2
Unit,1100000.0,10.2
Unit,204000.0,10.2
Unit,336203.0,10.2
Unit,800000.0,10.2
Unit,225000.0,10.2
Unit,285000.0,10.2
Unit,200000.0,10.2
Unit,315000.0,10.2
Unit,215000.0,10.2
Unit,275000.0,10.2
Unit,580710.0,10.2
Unit,185000.0,10.2
Unit,205000.0,10.2
Unit,210000.0,10.2
Unit,255000.0,10.2
Unit,328900.0,10.2
Unit,377500.0,10.2
Unit,3076508.0,10.2
Unit,2010000.0,10.2
Unit,1600000.0,10.2
Unit,2230000.0,10.2
Unit,268000.0,10.2
Unit,1055000.0,10.2
Unit,268000.0,10.2
Unit,347200.0,10.2
Unit,310000.0,10.2
Unit,200000.0,10.2
Unit,950000.0,10.2
Unit,515000.0,10.2
Unit,350000.0,10.2
Unit,198300.0,10.2
Unit,300000.0,10.2
Unit,712450.0,10.2
Unit,211224.0,10.2
Unit,248016.0,10.2
Unit,1700000.0,10.2
Unit,470000.0,10.2
Unit,615000.0,10.2
Unit,490000.0,10.2
Unit,53613.0,10.2
Unit,2350000.0,10.2
Unit,2750000.0,10.2
Unit,820000.0,10.2
Unit,537500.0,10.2
Unit,450000.0,10.2
Unit,225000.0,10.2
Unit,2500000.0,10.2
Unit,421000.0,10.2
Unit,1300000.0,10.2
Unit,1800454.0,10.2
Unit,225000.0,10.2
Unit,1200000.0,10.2
Unit,1750000.0,10.2
Unit,1300000.0,10.2
Unit,300000.0,10.2
Unit,413852.0,10.2
Unit,570000.0,10.2
Unit,885500.0,10.2
Unit,1800000.0,10.2
Unit,2425000.0,10.2
Unit,780000.0,10.2
Unit,150000.0,10.2
Unit,2056575.0,10.2
Unit,748625.0,10.2
Unit,593250.0,10.2
Unit,756700.0,10.2
Unit,2300000.0,10.2
Unit,250000.0,10.2
Unit,230000.0,10.2
Unit,355000.0,10.2
Unit,850000.0,10.2
Unit,520000.0,10.2
Unit,1025000.0,10.2
Unit,560000.0,10.2
Unit,250000.0,10.2
Unit,560000.0,10.2
Unit,330000.0,10.2
Unit,410000.0,10.2
Unit,545055.0,10.2
Unit,1625582.0,10.2
Unit,737500.0,10.2
Unit,700000.0,10.2
Unit,450000.0,10.2
Unit,522042.0,10.2
Unit,750000.0,10.2
Unit,730000.0,10.2
Unit,725000.0,10.2
Unit,1650000.0,10.2
Unit,1175000.0,10.2
Unit,312000.0,10.2
Unit,598989.0,10.2
Unit,616706.0,10.2
Unit,835663.0,10.2
Unit,4500000.0,10.2
Unit,6353199.0,10.2
Unit,9000000.0,10.2
Unit,743138.0,10.2
Unit,2140000.0,10.2
Unit,485000.0,10.2
Unit,520000.0,10.2
Unit,980837.0,10.2
Unit,365000.0,10.2
Unit,1450000.0,10.2
Unit,1000000.0,10.2
Unit,1100000.0,10.2
Unit,572920.0,10.2
Unit,1072500.0,10.2
Unit,14000.0,10.2
Unit,275000.0,10.2
Unit,300000.0,10.2
Unit,638846.0,10.2
Unit,300000.0,10.2
Unit,330000.0,10.2
Unit,525000.0,10.2
Unit,437373.0,10.2
Unit,290000.0,10.2
Unit,300000.0,10.2
Unit,1100000.0,10.2
Unit,1000000.0,10.2
Unit,395000.0,10.2
Unit,1000000.0,10.2
Unit,850000.0,10.2
Unit,390000.0,10.2
Unit,875000.0,10.2
Unit,1500000.0,10.2
Unit,1385000.0,10.2
Unit,700000.0,10.2
Unit,500000.0,10.2
Unit,1142108.0,10.2
Unit,600000.0,10.2
Unit,410000.0,10.2
Unit,1200000.0,10.2
Unit,4100000.0,10.2
Unit,900000.0,10.2
Unit,635000.0,10.2
Unit,19700000.0,10.2
Unit,6309888.0,10.2
Unit,3350000.0,10.2
Unit,551005.0,10.2
Unit,4543888.0,10.2
Unit,800000.0,10.2
Unit,480000.0,10.2
Unit,300000.0,10.2
Unit,2950000.0,10.2
Unit,3218710.0,10.2
Unit,410000.0,10.2
Unit,366665.0,10.2
Unit,300000.0,10.2
Unit,1400000.0,10.2
Unit,1050000.0,10.2
Unit,2050000.0,10.2
Unit,4100000.0,10.2
Unit,730000.0,10.2
Unit,1550000.0,10.2
Unit,1316824.0,10.2
Unit,6120000.0,10.2
Unit,1350000.0,10.2
Unit,1041000.0,10.2
Unit,399425.0,10.2
Unit,1600000.0,10.2
Unit,3580000.0,10.2
Unit,5700000.0,10.2
Unit,2443414.0,10.2
Unit,1100000.0,10.2
Unit,6640000.0,10.2
Unit,2152500.0,10.2
Unit,1320000.0,10.2
Unit,780000.0,10.2
Unit,1200000.0,10.2
Unit,2000000.0,10.2
Unit,1500000.0,10.2
Unit,1792778.0,10.2
Unit,1561230.0,10.2
Unit,6200000.0,10.2
Unit,4600000.0,10.2
Unit,148004.0,10.2
Unit,257425.0,10.2
Unit,480000.0,10.2
Unit,575000.0,10.2
Unit,1030000.0,10.2
Unit,996658.0,10.2
Unit,240000.0,10.2
Unit,4271277.0,10.2
Unit,420000.0,10.2
Unit,915000.0,10.2
Unit,635500.0,10.2
Unit,475000.0,10.2
Unit,675000.0,10.2
Unit,363618.0,10.2
Unit,5800000.0,10.2
Unit,1181377.0,10.2
Unit,1056000.0,10.2
Unit,630000.0,10.2
Unit,370000.0,10.2
Unit,1700000.0,10.2
Unit,460000.0,10.2
Unit,610000.0,10.2
Unit,425000.0,10.2
Unit,1960000.0,10.2
Unit,1508000.0,10.2
Unit,600000.0,10.2
Unit,500000.0,10.2
Unit,839860.0,10.2
Unit,930000.0,10.2
Unit,840000.0,10.2
Land,62000000.0,8.5
Villa,4650000.0,12.5
Villa,7500000.0,12.5
Villa,4500000.0,12.5
Land,10775292.0,8.5
Villa,3100000.0,12.5
Land,600000.0,8.5
Building,4500000.0,9.8
Villa,6875000.0,12.5
Building,4000000.0,9.8
Villa,3260000.0,12.5
Villa,9600000.0,12.5
Villa,4250000.0,12.5
Villa,650000.0,12.5
Villa,2472900.0,12.5
Land,8000000.0,8.5
Land,3700000.0,8.5
Land,30000000.0,8.5
Villa,4100000.0,12.5
Villa,2300000.0,12.5
Villa,10715000.0,12.5
Building,44500000.0,9.8
Villa,7114950.0,12.5
Land,13500000.0,8.5
Land,11800000.0,8.5
Villa,3250000.0,12.5
Villa,2500000.0,12.5
Villa,1771380.0,12.5
Villa,1725000.0,12.5
Villa,5500000.0,12.5
Land,700000.0,8.5
Land,5000000.0,8.5
Villa,1200000.0,12.5
Villa,3350000.0,12.5
Land,26574.0,8.5
Land,1074259.0,8.5
Villa,3750000.0,12.5
Villa,9100000.0,12.5
Land,730000.0,8.5
Villa,2255000.0,12.5
Land,2877037.0,8.5
Villa,4900000.0,12.5
Villa,2100000.0,12.5
Land,820000.0,8.5
Land,3920000.0,8.5
Land,3075000.0,8.5
Land,2398000.0,8.5
Land,2648000.0,8.5
Land,2788000.0,8.5
Land,2878000.0,8.5
Land,1850000.0,8.5
Villa,2325000.0,12.5
Land,2500000.0,8.5
Land,252707.0,8.5
Villa,1650000.0,12.5
Villa,2150000.0,12.5
Villa,1100000.0,12.5
Villa,2550000.0,12.5
Villa,2600000.0,12.5
Villa,2750000.0,12.5
Villa,3700000.0,12.5
Villa,1400000.0,12.5
Villa,2150000.0,12.5
Villa,1650000.0,12.5
Villa,1700000.0,12.5
Villa,1625000.0,12.5
Villa,1350000.0,12.5
Villa,3450000.0,12.5
Villa,2280000.0,12.5
Villa,3000000.0,12.5
Villa,3302250.0,12.5
Villa,3123750.0,12.5
Villa,2175000.0,12.5
Villa,2275000.0,12.5
Villa,2235000.0,12.5
Villa,2215517.0,12.5
Villa,2771000.0,12.5
Villa,2480000.0,12.5
Unit,1450000.0,10.2
Unit,970000.0,10.2
Unit,439800.0,10.2
Unit,810000.0,10.2
Unit,2222000.0,10.2
Unit,660800.0,10.2
Unit,1500000.0,10.2
Unit,3640000.0,10.2
Unit,2000000.0,10.2
Unit,3450000.0,10.2
Unit,2750000.0,10.2
Unit,1950000.0,10.2
Unit,1412500.0,10.2
Unit,830000.0,10.2
Unit,1090000.0,10.2
Unit,1850000.0,10.2
Unit,380000.0,10.2
Unit,250000.0,10.2
Unit,1111111.0,10.2
Unit,300000.0,10.2
Unit,2250000.0,10.2
Unit,198000.0,10.2
Unit,299000.0,10.2
Unit,336000.0,10.2
Unit,215000.0,10.2
Unit,474935.0,10.2
Unit,360000.0,10.2
Unit,180000.0,10.2
Unit,1350000.0,10.2
Unit,1600000.0,10.2
Unit,2500000.0,10.2
Unit,2980000.0,10.2
Unit,2250000.0,10.2
Unit,1962000.0,10.2
Unit,1241000.0,10.2
Unit,2500000.0,10.2
Unit,843780.0,10.2
Unit,965000.0,10.2
Unit,200000.0,10.2
Unit,190000.0,10.2
Unit,1180000.0,10.2
Unit,318717.0,10.2
Unit,8750000.0,10.2
Unit,190000.0,10.2
Unit,200000.0,10.2
Unit,420000.0,10.2
Unit,478076.0,10.2
Unit,440000.0,10.2
Unit,2330000.0,10.2
Unit,2620192.0,10.2
Unit,1800000.0,10.2
Unit,1018000.0,10.2
Unit,1575000.0,10.2
Unit,580000.0,10.2
Unit,1200000.0,10.2
Unit,1300000.0,10.2
Unit,500000.0,10.2
Unit,525000.0,10.2
Unit,200000.0,10.2
Unit,429633.0,10.2
Unit,1249532.0,10.2
Unit,1715000.0,10.2
Unit,2430000.0,10.2
Unit,605000.0,10.2
Unit,3995000.0,10.2
Unit,1395000.0,10.2
Unit,540000.0,10.2
Unit,810000.0,10.2
Unit,620000.0,10.2
Unit,230000.0,10.2
Unit,2200000.0,10.2
Unit,1385000.0,10.2
Unit,2500000.0,10.2
Unit,1351500.0,10.2
Unit,1152321.0,10.2
Unit,6000000.0,10.2
Unit,3150000.0,10.2
Unit,880000.0,10.2
Unit,850000.0,10.2
Unit,710000.0,10.2
Unit,825000.0,10.2
Unit,1000000.0,10.2
Unit,1731722.0,10.2
Unit,1386558.0,10.2
Unit,4711250.0,10.2
Unit,550000.0,10.2
Unit,816000.0,10.2
Unit,226000.0,10.2
Unit,670519.0,10.2
Unit,800000.0,10.2
Unit,1575000.0,10.2
Unit,1100000.0,10.2
Unit,260000.0,10.2
Unit,351779.0,10.2
Unit,354161.0,10.2
Unit,485000.0,10.2
Unit,1055000.0,10.2
Unit,1288000.0,10.2
Unit,126354.0,10.2
Unit,715000.0,10.2
Unit,1193266.0,10.2
Unit,810000.0,10.2
Unit,1150000.0,10.2
Unit,320000.0,10.2
Unit,1675000.0,10.2
Unit,960000.0,10.2
Unit,1275000.0,10.2
Unit,4200000.0,10.2
Unit,2800000.0,10.2
Unit,450000.0,10.2
Unit,228000.0,10.2
Unit,400000.0,10.2
Unit,358256.0,10.2
Unit,983620.0,10.2
Unit,2100000.0,10.2
Unit,600000.0,10.2
Unit,1700000.0,10.2
Unit,1165892.0,10.2
Unit,350000.0,10.2
Unit,168632.0,10.2
Unit,655115.0,10.2
Unit,465000.0,10.2
Unit,325000.0,10.2
Unit,360000.0,10.2
Unit,1640650.0,10.2
Unit,1350000.0,10.2
Unit,415000.0,10.2
Unit,411218.0,10.2
Unit,1895888.0,10.2
Unit,1550000.0,10.2
Unit,870894.0,10.2
Unit,1428302.0,10.2
Unit,860000.0,10.2
Unit,455957.0,10.2
Unit,360000.0,10.2
Unit,490000.0,10.2
Unit,2000000.0,10.2
Unit,494370.0,10.2
Unit,1635533.0,10.2
Unit,1205000.0,10.2
Unit,600000.0,10.2
Unit,2395000.0,10.2
Unit,310000.0,10.2
Unit,750000.0,10.2
Unit,640000.0,10.2
Unit,1347434.0,10.2
Unit,680000.0,10.2
Unit,390000.0,10.2
Unit,585000.0,10.2
Unit,450000.0,10.2
Unit,987000.0,10.2
Unit,4300000.0,10.2
Unit,305000.0,10.2
Unit,2100000.0,10.2
Unit,3495898.0,10.2
Unit,314310.0,10.2
Unit,670000.0,10.2
Unit,1025000.0,10.2
Unit,1380000.0,10.2
Unit,280000.0,10.2
Unit,2430000.0,10.2
Unit,3918000.0,10.2
Unit,600000.0,10.2
Unit,330000.0,10.2
Unit,760000.0,10.2
Unit,280000.0,10.2
Unit,470000.0,10.2
Unit,310000.0,10.2
Unit,1596888.0,10.2
Unit,3566411.0,10.2
Unit,1225000.0,10.2
Unit,950000.0,10.2
Unit,453000.0,10.2
Unit,4250000.0,10.2
Unit,1916718.0,10.2
Unit,750000.0,10.2
Unit,3643000.0,10.2
Unit,3000000.0,10.2
Unit,606543.0,10.2
Unit,750000.0,10.2
Unit,465000.0,10.2
Unit,726132.0,10.2
Unit,1170703.0,10.2
Unit,450000.0,10.2
Unit,438000.0,10.2
Unit,588432.0,10.2
Unit,1300000.0,10.2
Unit,4600000.0,10.2
Unit,1650000.0,10.2
Unit,750000.0,10.2
Unit,1131339.0,10.2
Unit,1538021.0,10.2
Unit,1800000.0,10.2
Unit,9000000.0,10.2
Unit,1230000.0,10.2
Unit,479080.0,10.2
Unit,3238095.0,10.2
Unit,4744437.0,10.2
Unit,2750000.0,10.2
Unit,1550000.0,10.2
Unit,1100000.0,10.2
Unit,6251046.0,10.2
Unit,390000.0,10.2
Unit,638453.0,10.2
Unit,1950000.0,10.2
Unit,1036000.0,10.2
Unit,504762.0,10.2
Villa,2500000.0,12.5
Villa,1750000.0,12.5
Villa,5000000.0,12.5
Villa,950000.0,12.5
Villa,2300000.0,12.5
Land,5300000.0,8.5
Villa,15300000.0,12.5
Building,3666700.0,9.8
Land,34000000.0,8.5
Villa,2950000.0,12.5
Villa,6850000.0,12.5
Villa,8500000.0,12.5
Land,20376165.0,8.5
Villa,24750000.0,12.5
Villa,4050000.0,12.5
Villa,890000.0,12.5
Villa,2275000.0,12.5
Land,30000000.0,8.5
Building,39000000.0,9.8
Land,2510469.0,8.5
Villa,13693147.0,12.5
Villa,2900000.0,12.5
Villa,4400000.0,12.5
Land,1950000.0,8.5
Villa,6800000.0,12.5
Land,12860000.0,8.5
Villa,2800000.0,12.5
Villa,4050000.0,12.5
Villa,2050000.0,12.5
Villa,2775000.0,12.5
Villa,3000000.0,12.5
Land,1832445.0,8.5
Villa,5325000.0,12.5
Villa,4900000.0,12.5
Villa,2500000.0,12.5
Villa,4650000.0,12.5
Land,1463000.0,8.5
Villa,1070000.0,12.5
Villa,1059347.0,12.5
Villa,7500000.0,12.5
Villa,1078000.0,12.5
Villa,1718000.0,12.5
Villa,8300000.0,12.5
Land,4100000.0,8.5
Land,4950000.0,8.5
Land,5590040.0,8.5
Villa,1900000.0,12.5
Villa,2650000.0,12.5
Land,2718000.0,8.5
Land,17500000.0,8.5
Land,2398000.0,8.5
Land,1779680.0,8.5
Land,1725000.0,8.5
Land,1670000.0,8.5
Land,532724.0,8.5
Villa,1875000.0,12.5
Villa,1965000.0,12.5
Villa,2600000.0,12.5
Villa,2400000.0,12.5
Villa,1811000.0,12.5
Villa,1028888.0,12.5
Villa,1500000.0,12.5
Villa,3250000.0,12.5
Villa,2100000.0,12.5
Villa,2000000.0,12.5
Villa,1480000.0,12.5
Villa,3075748.0,12.5
Villa,3600000.0,12.5
Villa,3700000.0,12.5
Villa,2000000.0,12.5
Villa,2500000.0,12.5
Villa,1525000.0,12.5
Villa,2000000.0,12.5
Villa,2740660.0,12.5
Villa,2900000.0,12.5
Villa,2570965.0,12.5
Villa,1750000.0,12.5
Villa,1509219.0,12.5
Villa,1509219.0,12.5
Villa,3538000.0,12.5
Unit,845000.0,10.2
Unit,382800.0,10.2
Unit,699000.0,10.2
Unit,2550000.0,10.2
Unit,2000000.0,10.2
Unit,656800.0,10.2
Unit,1250000.0,10.2
Unit,1250000.0,10.2
Unit,930000.0,10.2
Unit,1420000.0,10.2
Unit,1250000.0,10.2
Unit,3200000.0,10.2
Unit,3100000.0,10.2
Unit,190000.0,10.2
Unit,1100000.0,10.2
Unit,1300000.0,10.2
Unit,2100000.0,10.2
Unit,595000.0,10.2
Unit,999350.0,10.2
Unit,230000.0,10.2
Unit,225000.0,10.2
Unit,200000.0,10.2
Unit,197870.0,10.2
Unit,200000.0,10.2
Unit,212000.0,10.2
Unit,360000.0,10.2
Unit,4800000.0,10.2
Unit,1050000.0,10.2
Unit,1675000.0,10.2
Unit,2646000.0,10.2
Unit,119667.0,10.2
Unit,200000.0,10.2
Unit,2250000.0,10.2
Unit,1040000.0,10.2
Unit,1300000.0,10.2
Unit,500000.0,10.2
Unit,3387500.0,10.2
Unit,2025000.0,10.2
Unit,300000.0,10.2
Unit,210000.0,10.2
Unit,225000.0,10.2
Unit,317000.0,10.2
Unit,205000.0,10.2
Unit,275000.0,10.2
Unit,330000.0,10.2
Unit,1120000.0,10.2
Unit,290000.0,10.2
Unit,260000.0,10.2
Unit,2600000.0,10.2
Unit,320000.0,10.2
Unit,1295000.0,10.2
Unit,2320000.0,10.2
Unit,2294628.0,10.2
Unit,370000.0,10.2
Unit,800000.0,10.2
Unit,1033413.0,10.2
Unit,1200000.0,10.2
Unit,671000.0,10.2
Unit,1315811.0,10.2
Unit,2575000.0,10.2
Unit,3650000.0,10.2
Unit,490000.0,10.2
Unit,750000.0,10.2
Unit,1700000.0,10.2
Unit,255000.0,10.2
Unit,1675000.0,10.2
Unit,400000.0,10.2
Unit,1300000.0,10.2
Unit,450662.0,10.2
Unit,2123362.0,10.2
Unit,1205735.0,10.2
Unit,1540000.0,10.2
Unit,950000.0,10.2
Unit,775000.0,10.2
Unit,1530000.0,10.2
Unit,577077.0,10.2
Unit,5200000.0,10.2
Unit,495000.0,10.2
Unit,750000.0,10.2
Unit,400000.0,10.2
Unit,1400000.0,10.2
Unit,850000.0,10.2
Unit,890000.0,10.2
Unit,480699.0,10.2
Unit,1425000.0,10.2
Unit,1132755.0,10.2
Unit,1477328.0,10.2
Unit,410000.0,10.2
